content_id	group	copy_source_type	copy_source_url	copy_status	media_evidence	cd_photo_status	notes
adolf-plays-the-jazz-form-follows-function-cd	CDs	bandcamp	https://adolfplaysthejazz1.bandcamp.com/album/form-follows-function	rewritten	[{"filename":"adolf-plays-the-jazz-form-follows-function-cd.jpg","source_url":"https://adolfplaysthejazz1.bandcamp.com/album/form-follows-function","rights_status":"cc-by-nd-4.0"}]	unresolved	Official Bandcamp is digital-only and its additional image is not product photography. No exact official Instagram or Dunk Records catalog result was found; Facebook was skipped per operator direction. A user-supplied verified photo is required.
agia-monaxia-analekta-cd	CDs	bandcamp	https://agiamonaxia.bandcamp.com/album/analekta	rewritten	[{"filename":"agia-monaxia-analekta-cd-front.jpg","source_url":"https://agiamonaxia.bandcamp.com/album/analekta","rights_status":"user-blanket-authorization:2026-09-06"}]	verified	Artist Agia Monaxia, title Analekta, CD format, limited 100-copy edition, and handmade recycled-paper and sandpaper packaging match the official product listing and photo. Professional revision 2026-09-07: Retouch blocked: 1200x861 raw source; GPT marble extension and retry rejected at full size for a horizontal seam. Existing asset unchanged. Source baseline 0e0b665d; ImageMagick sRGB quality 88 export, metadata stripped, no added sharpening. See photo-qa.md for visual outcomes and display-resolution limits.
anima-triste-alone-cd	CDs	bandcamp	https://animatriste.bandcamp.com/album/alone-2	rewritten	[{"filename":"anima-triste-alone-cd-front.webp","source_url":"https://www.instagram.com/animatristeband/p/C4OWPqcrQRd/","rights_status":"user-blanket-authorization:2026-09-06"}]	unresolved	Official Instagram group photo C4OWPqcrQRd is 860x1074; each title occupies only a few hundred pixels and the self-titled product is already cut off. Artist/title identification does not establish the exact stocked CD edition or packaging. Official Bandcamp indexed descriptions say Digipack / CD-r (self-titled) and Digifile with page booklet and black bottomed CDr (Alone), conflicting with the previous jewel-case claim; current live pages expose digital offers. Packaging claim withdrawn pending stock/original-photo confirmation. Official Bandcamp and Instagram research found no acceptable replacement; Facebook skipped. Existing image unchanged; visual acceptance blocked. Unsent photo request in photo-qa.md.
anima-triste-anima-triste-cd	CDs	bandcamp	https://animatriste.bandcamp.com/album/anima-triste	rewritten	[{"filename":"anima-triste-anima-triste-cd-front.webp","source_url":"https://www.instagram.com/animatristeband/p/C4OWPqcrQRd/","rights_status":"user-blanket-authorization:2026-09-06"}]	unresolved	Official Instagram group photo C4OWPqcrQRd is 860x1074; each title occupies only a few hundred pixels and the self-titled product is already cut off. Artist/title identification does not establish the exact stocked CD edition or packaging. Official Bandcamp indexed descriptions say Digipack / CD-r (self-titled) and Digifile with page booklet and black bottomed CDr (Alone), conflicting with the previous jewel-case claim; current live pages expose digital offers. Packaging claim withdrawn pending stock/original-photo confirmation. Official Bandcamp and Instagram research found no acceptable replacement; Facebook skipped. Existing image unchanged; visual acceptance blocked. Unsent photo request in photo-qa.md.
anima-triste-humanity-cd	CDs	bandcamp	https://animatriste.bandcamp.com/album/humanity	rewritten	[{"filename":"anima-triste-humanity-cd-front.webp","source_url":"https://www.instagram.com/animatristeband/p/C4OWPqcrQRd/","rights_status":"user-blanket-authorization:2026-09-06"}]	unresolved	Official Instagram group photo C4OWPqcrQRd is 860x1074; each title occupies only a few hundred pixels and the self-titled product is already cut off. Artist/title identification does not establish the exact stocked CD edition or packaging. Official Bandcamp indexed descriptions say Digipack / CD-r (self-titled) and Digifile with page booklet and black bottomed CDr (Alone), conflicting with the previous jewel-case claim; current live pages expose digital offers. Packaging claim withdrawn pending stock/original-photo confirmation. Official Bandcamp and Instagram research found no acceptable replacement; Facebook skipped. Existing image unchanged; visual acceptance blocked. Unsent photo request in photo-qa.md.
atopia-atopia-cd	CDs	official_site	https://atopia2012.blogspot.com/2012/12/2012-atopia-self-titled-2012-01.html	rewritten	[{"filename":"atopia-atopia-cd.jpg","source_url":"https://atopia2012.blogspot.com/2012/12/2012-atopia-self-titled-2012-01.html","rights_status":"cc-by-nd-4.0"}]	unresolved	Official artist site confirms the self-titled 2012 album and 11-track sequence but supplies artwork only. No exact official Instagram or Dunk Records catalog result was found. A user-supplied verified photo of the stocked jewel-case CD is required.
blame-the-trees-synapses-cd	CDs	bandcamp	https://blamethetrees.bandcamp.com/album/synapses	rewritten	[{"filename":"blame-the-trees-synapses-cd.jpg","source_url":"https://blamethetrees.bandcamp.com/album/synapses","rights_status":"cc-by-nd-4.0"}]	unresolved	Official Bandcamp is digital-only and its additional image is a band logo. The former official site is unavailable; no exact official Instagram or Dunk Records catalog result was found. Facebook was skipped per operator direction. A user-supplied verified photo is required.
celuta-red-amoeba-cd	CDs	bandcamp	https://celutared.bandcamp.com/album/amoeba	rewritten	[{"filename":"celuta-red-amoeba-cd.jpg","source_url":"https://celutared.bandcamp.com/album/amoeba","rights_status":"cc-by-nd-4.0"}]	unresolved	Official Bandcamp lists the CD, but its package image is flat artwork. The complete official Instagram feed contains no physical Amoeba CD photo, and Dunk Records has no exact catalog result. Facebook was skipped per operator direction. A user-supplied verified photo is required.
celuta-red-idle-frenzy-cd	CDs	bandcamp	https://celutared.bandcamp.com/album/idle-frenzy	rewritten	[{"filename":"celuta-red-idle-frenzy-cd.jpg","source_url":"https://celutared.bandcamp.com/album/idle-frenzy","rights_status":"cc-by-nd-4.0"}]	unresolved	Official Bandcamp lists the CD, but its package image is flat artwork. The complete official Instagram feed contains no physical Idle Frenzy CD photo, and Dunk Records has no exact catalog result. Facebook was skipped per operator direction. A user-supplied verified photo is required.
dead-elephant-heavy-huge-and-rotten-cd	CDs	bandcamp	https://deadelephant.bandcamp.com/album/heavy-huge-and-rotten	rewritten	[{"filename":"dead-elephant-heavy-huge-and-rotten-cd.jpg","source_url":"https://deadelephant.bandcamp.com/album/heavy-huge-and-rotten","rights_status":"cc-by-nd-4.0"}]	unresolved	Official Bandcamp is digital-only and its additional image is the artist logo. No exact official non-Facebook source or Dunk Records catalog result was found; Facebook was skipped per operator direction. A user-supplied verified photo is required.
dead-flag-blues-traumatique-cd	CDs	bandcamp	https://deadflagblues.bandcamp.com/album/traumatique	rewritten	[{"filename":"dead-flag-blues-traumatique-cd-front.jpg","source_url":"https://deadflagblues.bandcamp.com/album/traumatique","rights_status":"user-blanket-authorization:2026-09-06"},{"filename":"dead-flag-blues-traumatique-cd-back.jpg","source_url":"https://deadflagblues.bandcamp.com/album/traumatique","rights_status":"user-blanket-authorization:2026-09-06"},{"filename":"dead-flag-blues-traumatique-cd-open.jpg","source_url":"https://deadflagblues.bandcamp.com/album/traumatique","rights_status":"user-blanket-authorization:2026-09-06"}]	verified	Artist Dead Flag Blues, title Traumatique, CD format, digipak edition, and photographed packaging match the official Bandcamp product listing. Professional revision 2026-09-07: Primary retouch blocked: 1200x893 raw; GPT marble plate/source composite rejected for seams and an earlier disc-edge clipping error. Existing primary unchanged. Back/open galleries restored to natural raw dimensions with no enlargement. Source baseline 0e0b665d; ImageMagick sRGB quality 88 export, metadata stripped, no added sharpening. See photo-qa.md for visual outcomes and display-resolution limits.
deus-x-machina-time-expires-cd	CDs	official_site	https://www.thelabtshirtathens.com/product/deus-ex-machina-time-expires-cd-2/	rewritten	[{"filename":"deus-x-machina-time-expires-cd.jpg","source_url":"https://www.thelabtshirtathens.com/product/deus-ex-machina-time-expires-cd-2/","rights_status":"cc-by-nd-4.0"}]	unresolved	Official label store confirms the artist, title, and CD format but supplies flat cover art only. No exact official Instagram or Dunk Records catalog result was found. A user-supplied verified photo of the stocked jewel-case CD is required.
dirty-ol-dogs-dirty-ol-dogs-cd	CDs	bandcamp	https://dirtyoldogs.bandcamp.com/album/dirty-ol-dogs	rewritten	[{"filename":"dirty-ol-dogs-dirty-ol-dogs-cd.jpg","source_url":"https://dirtyoldogs.bandcamp.com/album/dirty-ol-dogs","rights_status":"cc-by-nd-4.0"}]	unresolved	Official Bandcamp supports the eight-track 2019 copy but is digital-only; its additional image is a band photo. No exact official Instagram or Dunk Records catalog result was found. A user-supplied verified photo is required.
frakhtal-plima-cd	CDs	bandcamp	https://frakhtal.bandcamp.com/album/plima	rewritten	[{"filename":"frakhtal-plima-cd-front.webp","source_url":"https://www.instagram.com/frakhtal.music/p/CeWiA03qk4O/","rights_status":"user-blanket-authorization:2026-09-06"}]	verified	Official Frakhtal Instagram photo shows the artist name and Plima title on the CD format. The standard edition has matching digipak packaging; no alternate variant is shown. Professional revision 2026-09-07: Primary restored from 1440x1440 raw; original hand and outdoor setting retained, no generated detail or extra sharpening. Source baseline 0e0b665d; ImageMagick sRGB quality 88 export, metadata stripped, no added sharpening. See photo-qa.md for visual outcomes and display-resolution limits.
from-another-mother-atatoa-cd	CDs	bandcamp	https://kapitaenplatte.bandcamp.com/album/from-another-mother-atatoa	rewritten	[{"filename":"from-another-mother-atatoa-cd.jpg","source_url":"https://kapitaenplatte.bandcamp.com/album/from-another-mother-atatoa","rights_status":"cc-by-nd-4.0"}]	unresolved	Official label Bandcamp and shop list the nine-track CD digi-sleeve edition but supply artwork only. The official album-release Instagram post is a band photo, and Dunk Records has no exact catalog result. A user-supplied verified photo is required.
full-moon-bonzai-reshaping-the-symbols-cd	CDs	bandcamp	https://fullmoonbongzai.bandcamp.com/album/reshaping-the-symbols	rewritten	[{"filename":"full-moon-bonzai-reshaping-the-symbols-cd-open.jpg","source_url":"https://fullmoonbongzai.bandcamp.com/album/reshaping-the-symbols","rights_status":"user-blanket-authorization:2026-09-06"}]	verified	Artist Fullmoon Bongzai, title Reshaping The Symbols, CD format, gatefold digipak edition, and photographed packaging match the official Bandcamp product listing. Professional revision 2026-09-07: Visual acceptance blocked: official 1200x900 photo has white bars and cuts off packaging at the bottom. Five official product images inspected; alternatives were artwork/scans, not a complete physical edition. Existing asset unchanged; request an uncropped original. Source baseline 0e0b665d; ImageMagick sRGB quality 88 export, metadata stripped, no added sharpening. See photo-qa.md for visual outcomes and display-resolution limits.
granna-s-house-kuro-cd	CDs	bandcamp	https://grannyshouse.bandcamp.com/album/kuro	rewritten	[{"filename":"granna-s-house-kuro-cd.jpg","source_url":"https://grannyshouse.bandcamp.com/album/kuro","rights_status":"cc-by-nd-4.0"}]	unresolved	Official Bandcamp lists the eleven-track CD, but its package image is a composited render. The complete official Instagram feed contains no physical Kuro CD photo, and Dunk Records has no exact catalog result. A user-supplied verified photo is required.
hedvika-the-evidence-of-absence-cd	CDs	bandcamp	https://hedvikamusic.bandcamp.com/album/the-evidence-of-absence	rewritten	[{"filename":"hedvika-the-evidence-of-absence-cd.jpg","source_url":"https://hedvikamusic.bandcamp.com/album/the-evidence-of-absence","rights_status":"cc-by-nd-4.0"}]	unresolved	Official Bandcamp supports the seven-track 2013 copy but is digital-only; its additional image is a band photo. No exact official Instagram or Dunk Records catalog result was found. A user-supplied verified photo is required.
hey-stealthy-hey-stealthy-cd	CDs	bandcamp	https://haystealthy.bandcamp.com/album/hay-stealthy	rewritten	[{"filename":"hey-stealthy-hey-stealthy-cd.jpg","source_url":"https://haystealthy.bandcamp.com/album/hay-stealthy","rights_status":"cc-by-nd-4.0"}]	unresolved	Official Bandcamp supports the six-track self-released debut but is digital-only; its additional image is the artist logo. No exact official Instagram or Dunk Records catalog result was found. A user-supplied verified photo is required.
krav-boca-sanatorium-cd	CDs	bandcamp	https://kravboca.bandcamp.com/album/sanatorium-r-dition	rewritten	[{"filename":"krav-boca-sanatorium-cd.jpg","source_url":"https://kravboca.bandcamp.com/album/sanatorium-r-dition","rights_status":"cc-by-nd-4.0"}]	unresolved	Official Bandcamp supports the ten-track 2016 reissue but is digital-only. The official store and 98-post Instagram scan contain no matching Sanatorium CD photo, and Dunk Records has no exact catalog result. A user-supplied verified photo is required.
millions-of-dead-tourists-ygiis-cd	CDs	bandcamp	https://millionsofdeadtourists.bandcamp.com/album/healthy	rewritten	[{"filename":"millions-of-dead-tourists-ygiis-cd-front.jpg","source_url":"https://millionsofdeadtourists.bandcamp.com/album/healthy","rights_status":"user-blanket-authorization:2026-09-06"},{"filename":"millions-of-dead-tourists-ygiis-cd-open.jpg","source_url":"https://millionsofdeadtourists.bandcamp.com/album/healthy","rights_status":"user-blanket-authorization:2026-09-06"}]	verified	Artist Millions of Dead Tourists, title Υγιείς (Healthy), CD format, six-panel digisleeve edition, and photographed packaging match the official Bandcamp product listing. Professional revision 2026-09-07: Primary: source-derived 560x560 front-only crop from 1200x840 raw, exported 1440 square. Gallery: natural raw dimensions, intentionally source-cropped close-up. Native product detail is limited; no invented lettering. Source baseline 0e0b665d; ImageMagick sRGB quality 88 export, metadata stripped, no added sharpening. See photo-qa.md for visual outcomes and display-resolution limits.
mpugio-dirty-johnny-blues-ntertia-cd	CDs	youtube	https://www.youtube.com/playlist?list=PLXOTjoZDrmkT4UnYcyfU-e_UaNLviE9a5	rewritten	[{"filename":"mpugio-dirty-johnny-blues-ntertia-cd.jpg","source_url":"https://www.youtube.com/playlist?list=PLXOTjoZDrmkT4UnYcyfU-e_UaNLviE9a5","rights_status":"cc-by-nd-4.0"}]	unresolved	Official artist playlist confirms the artist, title, and named tracks but supplies no product photo. No exact official Instagram or Dunk Records catalog result was found. A user-supplied verified photo of the stocked jewel-case CD is required.
nausea-bomb-slap-punkabilly-cd	CDs	bandcamp	https://nauseabomb.bandcamp.com/	rewritten	[{"filename":"nausea-bomb-slap-punkabilly-cd-front-mockup.jpg","source_url":"https://nauseabomb.bandcamp.com/","rights_status":"cc-by-nd-4.0"}]	unresolved	Official Bandcamp supports the artist and genre copy, but the inventory title and mockup do not match the official self-titled CD listing. The official site's 73-photo gallery contains live images only, Instagram has no exact result, and Dunk Records has no exact catalog result. A matching user-supplied photo is required.
noise-raid-cosmic-radiation-cd	CDs	bandcamp	https://noiseraid.bandcamp.com/album/cosmic-radiation	rewritten	[{"filename":"noise-raid-cosmic-radiation-cd-front.jpg","source_url":"https://noiseraid.bandcamp.com/album/cosmic-radiation","rights_status":"user-blanket-authorization:2026-09-06"}]	verified	Artist Noise Raid, title Cosmic Radiation, CD format, jewel-case edition, and photographed packaging match the official Bandcamp product listing. Professional revision 2026-09-07: Primary: 900x900 crop from 1200x900 raw, exported 1440 square. Complete case/disc retained on original fabric; margins remain tight. No generated background or sharpening. Source baseline 0e0b665d; ImageMagick sRGB quality 88 export, metadata stripped, no added sharpening. See photo-qa.md for visual outcomes and display-resolution limits.
nyos-navigation-cd	CDs	bandcamp	https://nyos.bandcamp.com/album/navigation	rewritten	[{"filename":"nyos-navigation-cd.jpg","source_url":"https://nyos.bandcamp.com/album/navigation","rights_status":"cc-by-nd-4.0"}]	unresolved	Official artist and label Bandcamp pages support the copy, but only the vinyl edition is pictured. No exact official Instagram or Dunk Records catalog result was found; Facebook was skipped per operator direction. A user-supplied verified CD photo is required.
okwaho-okwaho-cd	CDs	bandcamp	https://okwaho.bandcamp.com/album/okwaho	rewritten	[{"filename":"okwaho-okwaho-cd-front.jpg","source_url":"https://okwaho.bandcamp.com/album/okwaho","rights_status":"user-blanket-authorization:2026-09-06"}]	verified	Artist Okwaho, title Okwaho, CD format, limited handmade sandpaper-cover edition, and photographed packaging match the official Bandcamp product listing. Professional revision 2026-09-07: Primary: 1132x1132 crop from 1132x1200 raw, exported 1440 square. Entire edition set retained. Original warm wood/paper colors preserved rather than assuming a neutral paper reference. Source baseline 0e0b665d; ImageMagick sRGB quality 88 export, metadata stripped, no added sharpening. See photo-qa.md for visual outcomes and display-resolution limits.
one-leg-mary-i-a-seawolf-a-madman-cd	CDs	bandcamp	https://onelegmary.bandcamp.com/album/i-a-seawolf-a-madman	rewritten	[{"filename":"one-leg-mary-i-a-seawolf-a-madman-cd-front.jpg","source_url":"https://onelegmary.bandcamp.com/album/i-a-seawolf-a-madman","rights_status":"user-blanket-authorization:2026-09-06"},{"filename":"one-leg-mary-i-a-seawolf-a-madman-cd-open.jpg","source_url":"https://onelegmary.bandcamp.com/album/i-a-seawolf-a-madman","rights_status":"user-blanket-authorization:2026-09-06"},{"filename":"one-leg-mary-i-a-seawolf-a-madman-cd-back.jpg","source_url":"https://onelegmary.bandcamp.com/album/i-a-seawolf-a-madman","rights_status":"user-blanket-authorization:2026-09-06"}]	verified	Artist One Leg Mary, title I, a Seawolf, a Madman, CD format, limited digipak edition, and photographed packaging match the official Bandcamp product listing. Professional revision 2026-09-07: Primary: 803x803 crop from 1200x803 raw, exported 1440 square. Two galleries restored to natural raw proportions without enlargement. Original wood tone and reflections retained. Source baseline 0e0b665d; ImageMagick sRGB quality 88 export, metadata stripped, no added sharpening. See photo-qa.md for visual outcomes and display-resolution limits.
one-leg-mary-on-the-quiet-cd	CDs	bandcamp	https://onelegmary.bandcamp.com/album/on-the-quiet	rewritten	[{"filename":"one-leg-mary-on-the-quiet-cd-open.jpg","source_url":"https://onelegmary.bandcamp.com/album/on-the-quiet","rights_status":"user-blanket-authorization:2026-09-06"}]	verified	Artist One Leg Mary, title On The Quiet, CD format, digipak edition, and photographed packaging match the official Bandcamp product listing. Professional revision 2026-09-07: Primary: GIMP source-derived mask from 1200x1016 raw on neutral off-white background, 1440 square export. Printed product, transparent tray and reflections preserved without generation. Source baseline 0e0b665d; ImageMagick sRGB quality 88 export, metadata stripped, no added sharpening. See photo-qa.md for visual outcomes and display-resolution limits.
puta-volcano-represent-victory-below-eye-cd	CDs	bandcamp	https://putavolcano.bandcamp.com/album/represent-victory-below-eye	rewritten	[{"filename":"puta-volcano-represent-victory-below-eye-cd.jpg","source_url":"https://putavolcano.bandcamp.com/album/represent-victory-below-eye","rights_status":"cc-by-nd-4.0"}]	unresolved	Official Bandcamp is digital-only. The 105-post official Instagram scan contains no matching physical CD photo, and Dunk Records has no exact catalog result. A user-supplied verified photo is required.
sadhus-the-big-fish-cd	CDs	bandcamp	https://sadhus.bandcamp.com/album/big-fish	rewritten	[{"filename":"sadhus-the-big-fish-cd-front.jpg","source_url":"https://sadhus.bandcamp.com/album/big-fish","rights_status":"user-blanket-authorization:2026-09-06"},{"filename":"sadhus-the-big-fish-cd-open.jpg","source_url":"https://sadhus.bandcamp.com/album/big-fish","rights_status":"user-blanket-authorization:2026-09-06"}]	verified	Artist Sadhus, The Smoking Community, title Big Fish, CD format, 300-copy screenprinted-sleeve edition, and photographed packaging match the official Bandcamp product listing. Professional revision 2026-09-07: Primary: 900x900 crop from 1200x900 raw, exported 1440 square; hands and complete closed sleeve retained with tight margins. Gallery restored to natural source proportions; its original left-edge crop remains a source limitation. Source baseline 0e0b665d; ImageMagick sRGB quality 88 export, metadata stripped, no added sharpening. See photo-qa.md for visual outcomes and display-resolution limits.
salto-mortale-ateles-to-on-cd	CDs	youtube	https://www.youtube.com/watch?v=g2Y3mf5lUUE	rewritten	[{"filename":"salto-mortale-ateles-to-on-cd-front-mockup.jpg","source_url":"https://www.youtube.com/watch?v=g2Y3mf5lUUE","rights_status":"cc-by-nd-4.0"}]	unresolved	Official artist channel confirms the 2018 album and track sequence but supplies no product photo. No exact official Instagram or Dunk Records catalog result was found. A user-supplied verified photo of the stocked jewel-case CD is required.
stefan-clor-baltica-cd	CDs	bandcamp	https://soleilsbleus.bandcamp.com/album/baltica-sb011	rewritten	[{"filename":"stefan-clor-baltica-cd.jpg","source_url":"https://soleilsbleus.bandcamp.com/album/baltica-sb011","rights_status":"cc-by-nd-4.0"}]	unresolved	Official label Bandcamp confirms the numbered first CD edition of 100, but its photographed sleeve/envelope packaging does not match the stocked jewel-case mockup. Dunk Records has no exact catalog result, so unrelated-edition media was not used. A matching user-supplied photo is required.
sun-of-nothing-the-guilt-of-feeling-alive-cd	CDs	bandcamp	https://sunofnothing.bandcamp.com/album/the-guilt-of-feeling-alive	rewritten	[{"filename":"sun-of-nothing-the-guilt-of-feeling-alive-cd-front.jpg","source_url":"https://sunofnothing.bandcamp.com/album/the-guilt-of-feeling-alive","rights_status":"user-blanket-authorization:2026-09-06"},{"filename":"sun-of-nothing-the-guilt-of-feeling-alive-cd-back.jpg","source_url":"https://sunofnothing.bandcamp.com/album/the-guilt-of-feeling-alive","rights_status":"user-blanket-authorization:2026-09-06"}]	verified	Artist Sun of Nothing, title The Guilt of Feeling Alive, CD format, listed CD edition, and photographed front-and-back packaging match the official Bandcamp product listing. Professional revision 2026-09-07: Primary: protected source-derived front composited in GIMP over GPT empty tabletop, exported 1440 square. Effective product approximately 510x412 pixels; not 2x detail quality. Back gallery: distinct 600x491 source crop, no enlargement. No product generation. Source baseline 0e0b665d; ImageMagick sRGB quality 88 export, metadata stripped, no added sharpening. See photo-qa.md for visual outcomes and display-resolution limits.
the-curf-death-and-love-cd	CDs	bandcamp	https://thecurf.bandcamp.com/album/death-and-love	rewritten	[{"filename":"the-curf-death-and-love-cd-front.jpg","source_url":"https://thecurf.bandcamp.com/album/death-and-love","rights_status":"user-blanket-authorization:2026-09-06"},{"filename":"the-curf-death-and-love-cd-back.jpg","source_url":"https://thecurf.bandcamp.com/album/death-and-love","rights_status":"user-blanket-authorization:2026-09-06"},{"filename":"the-curf-death-and-love-cd-disc.jpg","source_url":"https://thecurf.bandcamp.com/album/death-and-love","rights_status":"user-blanket-authorization:2026-09-06"},{"filename":"the-curf-death-and-love-cd-open.jpg","source_url":"https://thecurf.bandcamp.com/album/death-and-love","rights_status":"user-blanket-authorization:2026-09-06"}]	verified	Artist The Curf, title Death and Love, CD format, two-panel digipak edition with eight-page booklet, and photographed packaging match the official Bandcamp product listing. Professional revision 2026-09-07: Primary: 640x640 source crop from 1200x799 raw, exported 1440 square; photographed product approximately 510x458 pixels, not 2x detail quality. Three galleries restored to natural proportions. Original concrete, colors, hands and depth retained. Source baseline 0e0b665d; ImageMagick sRGB quality 88 export, metadata stripped, no added sharpening. See photo-qa.md for visual outcomes and display-resolution limits.
the-curf-i-cd	CDs	bandcamp	https://thecurf.bandcamp.com/album/i	rewritten	[{"filename":"the-curf-i-cd.jpg","source_url":"https://thecurf.bandcamp.com/album/i","rights_status":"cc-by-nd-4.0"}]	unresolved	Official Bandcamp is digital-only. The 65-post official Instagram scan contains no matching I CD photo, and Dunk Records has no exact catalog result. A user-supplied verified photo is required.
the-earthbound-la-guerra-final-cd	CDs	official_site	https://www.thelabtshirtathens.com/product/the-earthbound-la-guerra-final-cd/	rewritten	[{"filename":"the-earthbound-la-guerra-final-cd.jpg","source_url":"https://www.thelabtshirtathens.com/product/the-earthbound-la-guerra-final-cd/","rights_status":"cc-by-nd-4.0"}]	unresolved	Official label store confirms the artist, title, and CD format but its animated listing image resolves to flat cover art only. No exact official Instagram or Dunk Records catalog result was found. A user-supplied verified photo of the stocked jewel-case CD is required.
three-way-plane-your-kingdom-my-life-cd	CDs	bandcamp	https://threewayplane.bandcamp.com/album/your-kingdom-my-life	rewritten	[{"filename":"three-way-plane-your-kingdom-my-life-cd.jpg","source_url":"https://threewayplane.bandcamp.com/album/your-kingdom-my-life","rights_status":"cc-by-nd-4.0"}]	unresolved	Official Bandcamp confirms the self-released CD edition but provides no physical product photo. The 94-post official Instagram scan shows flat cover and vinyl-release posts only, and Dunk Records has no exact catalog result. A user-supplied verified CD photo is required.
toundra-iv-cd	CDs	bandcamp	https://insideoutmusic.bandcamp.com/album/iv	rewritten	[{"filename":"toundra-iv-cd.jpg","source_url":"https://insideoutmusic.bandcamp.com/album/iv","rights_status":"cc-by-nd-4.0"}]	unresolved	Official label Bandcamp is digital-only and its additional image is the label logo. Toundra's current official store has no IV CD, official Instagram search found no physical edition, and Dunk Records has no exact catalog result. A user-supplied verified photo is required.
ukryte-zalety-systemu-s-t-cd	CDs	bandcamp	https://uzs-ukrytezaletysystemu.bandcamp.com/album/s-t	rewritten	[{"filename":"ukryte-zalety-systemu-s-t-cd.jpg","source_url":"https://uzs-ukrytezaletysystemu.bandcamp.com/album/s-t","rights_status":"cc-by-nd-4.0"}]	unresolved	Official Bandcamp is digital-only. Antena Krzyku's exact official CD product page supplies flat cover art only; Instagram search found no official product photo, and Dunk Records has no exact catalog result. A user-supplied verified photo is required.
aflmsmp-i-went-to-the-mountain-vinyl	Vinyl 12-inch	bandcamp	https://aflmsmp.bandcamp.com/album/i-went-to-the-mountain-2	rewritten	[{"filename":"aflmsmp-i-went-to-the-mountain-vinyl.webp","source_url":"https://aflmsmp.bandcamp.com/album/i-went-to-the-mountain-2","rights_status":"cc-by-nd-4.0"}]	not_applicable	Official Bandcamp supports the nine-track instrumental post-metal and experimental-rock copy.
aftermaths	Vinyl 12-inch	bandcamp	https://crustatomberecords.bandcamp.com/album/indoctrinate-aftermaths	rewritten	[{"filename":"indoctrinate-aftermaths.jpg","source_url":"https://crustatomberecords.bandcamp.com/album/indoctrinate-aftermaths","rights_status":"cc-by-nd-4.0"}]	not_applicable	Official label Bandcamp supports the eleven-track Austrian political hardcore and crust copy and 12-inch vinyl format.
against-his-story-against-leviathan	Vinyl 12-inch	bandcamp	https://insanesocietyrecords.bandcamp.com/album/hazarder-against-his-story-against-leviathan-lp	rewritten	[{"filename":"hazarder-against-leviathan.jpg","source_url":"https://insanesocietyrecords.bandcamp.com/album/hazarder-against-his-story-against-leviathan-lp","rights_status":"cc-by-nd-4.0"}]	not_applicable	Official label Bandcamp supports the seven-track sludge and stoner-metal debut copy.
allochiria-commotion-vinyl	Vinyl 12-inch	bandcamp	https://music.allochiria.com/album/commotion	rewritten	[{"filename":"allochiria-commotion-vinyl.webp","source_url":"https://music.allochiria.com/album/commotion","rights_status":"cc-by-nd-4.0"}]	not_applicable	Official Bandcamp supports the nine-track Athens progressive post-metal and heavyweight-vinyl copy.
allochiria-omonoia-vinyl	Vinyl 12-inch	bandcamp	https://music.allochiria.com/album/omonoia	rewritten	[{"filename":"allochiria-omonoia-vinyl.webp","source_url":"https://music.allochiria.com/album/omonoia","rights_status":"cc-by-nd-4.0"}]	not_applicable	Official Bandcamp supports the seven-track post-sludge/post-metal copy and 180-gram tenth-anniversary vinyl pressing.
allochiria-throes-vinyl	Vinyl 12-inch	bandcamp	https://music.allochiria.com/album/throes	rewritten	[{"filename":"allochiria-throes-vinyl.webp","source_url":"https://music.allochiria.com/album/throes","rights_status":"cc-by-nd-4.0"}]	not_applicable	Official Bandcamp supports the six-track Athens progressive and post-black-metal copy and 12-inch vinyl format.
aufhebung-luchtbegrafenis-vinyl	Vinyl 12-inch	bandcamp	https://aufhebung.bandcamp.com/album/luchtbegrafenis	rewritten	[{"filename":"aufhebung-luchtbegrafenis-vinyl.webp","source_url":"https://aufhebung.bandcamp.com/album/luchtbegrafenis","rights_status":"cc-by-nd-4.0"}]	not_applicable	Official Bandcamp supports the six-track mostly instrumental post-metal copy; the page currently offers only the digital album.
barren-point	Vinyl 12-inch	bandcamp	https://massculture.bandcamp.com/album/barren-point-2	rewritten	[{"filename":"mass-culture-barren-point.jpg","source_url":"https://massculture.bandcamp.com/album/barren-point-2","rights_status":"cc-by-nd-4.0"}]	not_applicable	Official Bandcamp supports the seven-track Athens post-hardcore, post-metal, and sludge copy and 180-gram marbled vinyl format.
big-fish	Vinyl 12-inch	bandcamp	https://sadhus.bandcamp.com/album/big-fish	rewritten	[{"filename":"sadhus-the-big-fish.jpg","source_url":"https://sadhus.bandcamp.com/album/big-fish","rights_status":"cc-by-nd-4.0"}]	not_applicable	Official Bandcamp supports the six-track Athens sludge/doom copy and numbered 12-inch screen-printed vinyl editions.
bipolar-architecture-depressionland-vinyl	Vinyl 12-inch	bandcamp	https://bipolararchitecture.bandcamp.com/album/depressionland	rewritten	[{"filename":"bipolar-architecture-depressionland-vinyl.webp","source_url":"https://bipolararchitecture.bandcamp.com/album/depressionland","rights_status":"cc-by-nd-4.0"}]	not_applicable	Official Bandcamp supports the nine-track Berlin debut copy and double-LP format.
bloed-tranen	Vinyl 12-inch	bandcamp	https://bloedband.bandcamp.com/album/tranen	rewritten	[{"filename":"bloed-tranen.jpg","source_url":"https://bloedband.bandcamp.com/album/tranen","rights_status":"cc-by-nd-4.0"}]	not_applicable	Official Bandcamp supports the eight-track Belgian metal copy; unsupported sibling and city claims were removed.
celuta-red-agia-monaxia-escape-the-blaze-only-to-find-another-vinyl	Vinyl 12-inch	bandcamp	https://agiamonaxia.bandcamp.com/album/escape-the-blaze-only-to-find-another	rewritten	[{"filename":"celuta-red-agia-monaxia-escape-the-blaze-only-to-find-another-vinyl.webp","source_url":"https://agiamonaxia.bandcamp.com/album/escape-the-blaze-only-to-find-another","rights_status":"cc-by-nd-4.0"}]	not_applicable	Official Bandcamp supports the two-track wildfire-themed split copy and 100-copy vinyl edition.
cisnienie-angry-noises-vinyl	Vinyl 12-inch	bandcamp	https://cisnienie.bandcamp.com/album/angry-noises	rewritten	[{"filename":"cisnienie-angry-noises-vinyl.webp","source_url":"https://cisnienie.bandcamp.com/album/angry-noises","rights_status":"cc-by-nd-4.0"}]	not_applicable	Official Bandcamp supports the four live-recorded instrumental jazz-rock and post-rock pieces; the page currently lists CD rather than vinyl.
coyotes-arrow-medicine-vinyl	Vinyl 12-inch	bandcamp	https://coyotesarrow.bandcamp.com/album/medicine-2	rewritten	[{"filename":"coyotes-arrow-medicine-vinyl.webp","source_url":"https://coyotesarrow.bandcamp.com/album/medicine-2","rights_status":"cc-by-nd-4.0"}]	not_applicable	Official Bandcamp supports the nine-track Athens rock copy and red-vinyl format.
devided-light-will-shine-vinyl	Vinyl 12-inch	bandcamp	https://dividedbelgium.bandcamp.com/album/light-will-shine	rewritten	[{"filename":"devided-light-will-shine-vinyl.webp","source_url":"https://dividedbelgium.bandcamp.com/album/light-will-shine","rights_status":"cc-by-nd-4.0"}]	not_applicable	Official Bandcamp supports the eight-track Belgian debut and its post-hardcore, post-metal, post-rock, shoegaze, and sludge tags.
endless-searcher	Vinyl 12-inch	bandcamp	https://oldemagickrecords.bandcamp.com/album/maha-sohona-endless-searcher	rewritten	[{"filename":"maha-sohona-endless-searcher.jpg","source_url":"https://oldemagickrecords.bandcamp.com/album/maha-sohona-endless-searcher","rights_status":"cc-by-nd-4.0"}]	not_applicable	Official label Bandcamp supports the five-track heavy-psych, stoner-rock, doom, proto-metal, and space-rock copy.
from-another-mother-atatoa-vinyl	Vinyl 12-inch	bandcamp	https://kapitaenplatte.bandcamp.com/album/from-another-mother-atatoa	rewritten	[{"filename":"from-another-mother-atatoa-vinyl.webp","source_url":"https://kapitaenplatte.bandcamp.com/album/from-another-mother-atatoa","rights_status":"cc-by-nd-4.0"}]	not_applicable	Official label Bandcamp supports the nine-track Zagreb math-rock and indie-rock copy and vinyl edition.
gun-fever-no-easy-way-vinyl	Vinyl 12-inch	bandcamp	https://gunfeverath.bandcamp.com/album/no-easy-way	rewritten	[{"filename":"gun-fever-no-easy-way-vinyl.webp","source_url":"https://gunfeverath.bandcamp.com/album/no-easy-way","rights_status":"cc-by-nd-4.0"}]	not_applicable	Official Bandcamp supports the six-track Athens Oi, punk, and hardcore copy and marbled vinyl format.
huracan-2025-ep-vinyl	Vinyl 12-inch	bandcamp	https://huracantheband.bandcamp.com/album/2025	rewritten	[{"filename":"huracan-2025-ep-vinyl.webp","source_url":"https://huracantheband.bandcamp.com/album/2025","rights_status":"cc-by-nd-4.0"}]	not_applicable	Official Bandcamp supports the four-track Ghent post-hardcore/post-metal EP copy and its raw-aggression-with-melody description.
in-your-absence	Vinyl 12-inch	bandcamp	https://weownthesky.bandcamp.com/album/in-your-absence	rewritten	[{"filename":"we-own-the-sky-in-your-absence.jpg","source_url":"https://weownthesky.bandcamp.com/album/in-your-absence","rights_status":"cc-by-nd-4.0"}]	not_applicable	Official Bandcamp supports the ten-track third LP, progressive post-rock/post-metal sound, loss-and-longing themes, and 180-gram vinyl.
kokomo-whip-vinyl	Vinyl 12-inch	bandcamp	https://kokomoband.bandcamp.com/album/whip	rewritten	[{"filename":"kokomo-whip-vinyl.webp","source_url":"https://kokomoband.bandcamp.com/album/whip","rights_status":"cc-by-nd-4.0"}]	not_applicable	Official Bandcamp supports the six-track Duisburg instrumental post-rock copy and 12-inch vinyl format.
living-under-drones-knot-on-knot-vinyl	Vinyl 12-inch	bandcamp	https://fonoradar.bandcamp.com/album/living-under-drones-knot-on-knot	rewritten	[{"filename":"living-under-drones-knot-on-knot-vinyl.webp","source_url":"https://fonoradar.bandcamp.com/album/living-under-drones-knot-on-knot","rights_status":"cc-by-nd-4.0"}]	not_applicable	Official label Bandcamp supports the six-track Athens instrumental noise-rock copy, live recording, and black-vinyl format.
malammar-mazza-vinyl	Vinyl 12-inch	bandcamp	https://malammar.bandcamp.com/album/mazza	rewritten	[{"filename":"malammar-mazza-vinyl.webp","source_url":"https://malammar.bandcamp.com/album/mazza","rights_status":"cc-by-nd-4.0"}]	not_applicable	Official Bandcamp supports the six-track Barcelona instrumental post-metal copy, 33-minute runtime, and Dunk!fest vinyl edition.
malammar-vendetta-vinyl	Vinyl 12-inch	bandcamp	https://xaviforne.bandcamp.com/album/vendetta-2	rewritten	[{"filename":"malammar-vendetta-vinyl.webp","source_url":"https://xaviforne.bandcamp.com/album/vendetta-2","rights_status":"cc-by-nd-4.0"}]	not_applicable	Official artist Bandcamp supports the six instrumental post-metal and sludge pieces, Badalona origin, and vinyl release.
mammock-itch-vinyl	Vinyl 12-inch	bandcamp	https://mammock.bandcamp.com/album/itch	rewritten	[{"filename":"mammock-itch-vinyl.webp","source_url":"https://mammock.bandcamp.com/album/itch","rights_status":"cc-by-nd-4.0"}]	not_applicable	Official Bandcamp supports the six-track Athens noise-rock, post-hardcore, post-punk, and art-punk copy and printed-inner-sleeve vinyl format.
maserati-live-at-dunk-fest-2024-vinyl	Vinyl 12-inch	official_site	https://dunkrecords.com/products/maserati-live-at-dunk-festival-2024	rewritten	[{"filename":"maserati-live-at-dunk-fest-2024-vinyl.webp","source_url":"https://dunkrecords.com/products/maserati-live-at-dunk-festival-2024","rights_status":"cc-by-nd-4.0"}]	not_applicable	Official label product page supports the 2024 live set, band mix/master, two colored-vinyl editions, and Error!Design artwork.
noise-without-decay	Vinyl 12-inch	bandcamp	https://lastrizla.bandcamp.com/album/noise-without-decay	rewritten	[{"filename":"last-rizla-noise-without-decay.jpg","source_url":"https://lastrizla.bandcamp.com/album/noise-without-decay","rights_status":"cc-by-nd-4.0"}]	not_applicable	Official Bandcamp supports the nine-track Athens noise-rock and sludge-punk copy and 200-gram vinyl format.
nothing-thrives-tales-of-disgrace-vinyl	Vinyl 12-inch	bandcamp	https://nothingthrives.bandcamp.com/album/tales-of-disgrace-lp-full-length-album	rewritten	[{"filename":"nothing-thrives-tales-of-disgrace-vinyl.webp","source_url":"https://nothingthrives.bandcamp.com/album/tales-of-disgrace-lp-full-length-album","rights_status":"cc-by-nd-4.0"}]	not_applicable	Official Bandcamp supports the nine-track Athens punk-and-roll debut copy, social themes, and black-vinyl format.
olaf-olafsonn-and-the-big-bad-trip-chakra-meditations-vinyl	Vinyl 12-inch	bandcamp	https://bigbadtrip.bandcamp.com/album/chakra-meditations	rewritten	[{"filename":"olaf-olafsonn-and-the-big-bad-trip-chakra-meditations-vinyl.webp","source_url":"https://bigbadtrip.bandcamp.com/album/chakra-meditations","rights_status":"cc-by-nd-4.0"}]	not_applicable	Official Bandcamp supports the three live-recorded psychedelic/stoner-rock pieces and 180-gram black-vinyl pairing with Plague.
on-the-quiet	Vinyl 12-inch	bandcamp	https://onelegmary.bandcamp.com/album/on-the-quiet	rewritten	[{"filename":"onelegmary-on-the-quiet.jpg","source_url":"https://onelegmary.bandcamp.com/album/on-the-quiet","rights_status":"cc-by-nd-4.0"}]	not_applicable	Official Bandcamp supports the ten-track Greek alternative-rock/post-hardcore copy and blue-vinyl format.
onrust-van-woede-tot-wanhoop-vinyl	Vinyl 12-inch	bandcamp	https://onrustmusic.bandcamp.com/album/van-woede-tot-wanhoop	rewritten	[{"filename":"onrust-van-woede-tot-wanhoop-vinyl.webp","source_url":"https://onrustmusic.bandcamp.com/album/van-woede-tot-wanhoop","rights_status":"cc-by-nd-4.0"}]	not_applicable	Official Bandcamp supports the eight-track Belgian post-metal/sludge copy and the album's anger-to-numbness concept.
pelican-live-at-dunk-fest-2016-vinyl	Vinyl 12-inch	bandcamp	https://pelican.bandcamp.com/album/live-dunk-fest-2016	rewritten	[{"filename":"pelican-live-at-dunk-fest-2016-vinyl.webp","source_url":"https://pelican.bandcamp.com/album/live-dunk-fest-2016","rights_status":"cc-by-nd-4.0"}]	not_applicable	Official Bandcamp supports the ten-track live set recorded at Dunk!Fest in Zottegem on May 6, 2016.
pirate-city-fortunate-isles-vinyl	Vinyl 12-inch	bandcamp	https://piratescity.bandcamp.com/album/fortunate-isles	rewritten	[{"filename":"pirate-city-fortunate-isles-vinyl.webp","source_url":"https://piratescity.bandcamp.com/album/fortunate-isles","rights_status":"cc-by-nd-4.0"}]	not_applicable	Official Bandcamp supports the ten-track Galatsi ska-punk, reggae-punk, gypsy-punk, and alternative-rock copy.
pirate-city-lovi-vinyl	Vinyl 12-inch	bandcamp	https://piratescity.bandcamp.com/album/--4	rewritten	[{"filename":"pirate-city-lovi-vinyl.webp","source_url":"https://piratescity.bandcamp.com/album/--4","rights_status":"cc-by-nd-4.0"}]	not_applicable	Official Bandcamp supports the nine-track Galatsi ska-punk, punk-rock, and reggae copy.
pirate-city-piratia-vinyl	Vinyl 12-inch	bandcamp	https://piratescity.bandcamp.com/album/--5	rewritten	[{"filename":"pirate-city-piratia-vinyl.webp","source_url":"https://piratescity.bandcamp.com/album/--5","rights_status":"cc-by-nd-4.0"}]	not_applicable	Official Bandcamp supports the ten-track Galatsi punk-rock, ska-punk, and reggae copy.
primal-ephemeral	Vinyl 12-inch	bandcamp	https://massculture.bandcamp.com/album/primal-ephemeral	rewritten	[{"filename":"mass-culture-primal-ephemeral.jpg","source_url":"https://massculture.bandcamp.com/album/primal-ephemeral","rights_status":"cc-by-nd-4.0"}]	not_applicable	Official Bandcamp supports the eight-track Athens post-hardcore, post-metal, and sludge copy and transparent green/violet vinyl pressings.
rise-of-the-black-fang	Vinyl 12-inch	bandcamp	https://killgravemetal.bandcamp.com/album/rise-of-the-black-fang	retained	[{"filename":"killgrave-rise-of-the-black-fang.jpg","source_url":"https://killgravemetal.bandcamp.com/album/rise-of-the-black-fang","rights_status":"cc-by-nd-4.0"}]	not_applicable	Official Bandcamp supports the existing Athens death-metal, melodic-death, and punk-hardcore copy and vinyl format.
rite	Vinyl 12-inch	bandcamp	https://theyouandwhatarmyfaction.bandcamp.com/album/rite	rewritten	[{"filename":"the-you-and-what-army-faction-rite.jpg","source_url":"https://theyouandwhatarmyfaction.bandcamp.com/album/rite","rights_status":"cc-by-nd-4.0"}]	not_applicable	Official Bandcamp supports the nine-track Athens no-wave/noise-rock/post-punk copy and 200-copy black-vinyl edition.
russian-circles-live-at-dunk-fest-2016-vinyl	Vinyl 12-inch	official_site	https://dunkrecords.com/products/russian-circles-live-at-dunk-fest-2016-2xlp	rewritten	[{"filename":"russian-circles-live-at-dunk-fest-2016-vinyl.webp","source_url":"https://dunkrecords.com/products/russian-circles-live-at-dunk-fest-2016-2xlp","rights_status":"cc-by-nd-4.0"}]	not_applicable	Official label product page supports the nine-track 2016 headline set, double 180g colored vinyl, and reverse-printed gatefold packaging.
selenopolis	Vinyl 12-inch	bandcamp	https://bigbadtrip.bandcamp.com/album/selenopolis	rewritten	[{"filename":"olaf-olafsson-and-the-big-bad-trip-selenepolis.jpg","source_url":"https://bigbadtrip.bandcamp.com/album/selenopolis","rights_status":"cc-by-nd-4.0"}]	not_applicable	Official Bandcamp supports the nine-track Prague psychedelic-rock copy and 180-gram marble-white gatefold vinyl.
spinners	Vinyl 12-inch	bandcamp	https://spinnersathens.bandcamp.com/album/s-t-self-titled	rewritten	[{"filename":"spinners-13.jpg","source_url":"https://spinnersathens.bandcamp.com/album/s-t-self-titled","rights_status":"cc-by-nd-4.0"}]	not_applicable	Official Bandcamp supports the 12-track self-released second album and the Athens indie rock, punk, and post-hardcore description.
steelwitch	Vinyl 12-inch	bandcamp	https://steelwitchgr.bandcamp.com/album/steelwitch	rewritten	[{"filename":"steelwitch-steelwitch.jpg","source_url":"https://steelwitchgr.bandcamp.com/album/steelwitch","rights_status":"cc-by-nd-4.0"}]	not_applicable	Official Bandcamp supports the five-track 2020 release and the Athens heavy, power, and speed metal description; the unsupported full-length claim was removed.
the-chemical-bath	Vinyl 12-inch	bandcamp	https://demikhov.bandcamp.com/album/the-chemical-bath	retained	[{"filename":"demikhov.jpg","source_url":"https://demikhov.bandcamp.com/album/the-chemical-bath","rights_status":"cc-by-nd-4.0"}]	not_applicable	Official Bandcamp supports the existing six-track fuzzcore copy and Desenzano del Garda origin.
the-feathers-of-oblivion	Vinyl 12-inch	bandcamp	https://bigbadtrip.bandcamp.com/album/the-feathers-of-oblivion	rewritten	[{"filename":"olaf-olafsson-and-the-big-bad-trip-the-feathers-of-oblivion.jpg","source_url":"https://bigbadtrip.bandcamp.com/album/the-feathers-of-oblivion","rights_status":"cc-by-nd-4.0"}]	not_applicable	Official Bandcamp supports the seventeen-part four-season Budeč hill field recording and double-vinyl format.
the-last-second	Vinyl 12-inch	bandcamp	https://theirmethlab.bandcamp.com/album/the-last-second	rewritten	[{"filename":"their-methlab-the-last-second.jpg","source_url":"https://theirmethlab.bandcamp.com/album/the-last-second","rights_status":"cc-by-nd-4.0"}]	not_applicable	Official Bandcamp supports the five-track Athens instrumental post-rock/post-metal debut and 300-copy clear-blue vinyl reissue.
three-way-plane-your-kingdom-my-life-vinyl	Vinyl 12-inch	bandcamp	https://threewayplane.bandcamp.com/album/your-kingdom-my-life	rewritten	[{"filename":"three-way-plane-your-kingdom-my-life-vinyl.webp","source_url":"https://threewayplane.bandcamp.com/album/your-kingdom-my-life","rights_status":"cc-by-nd-4.0"}]	not_applicable	Official Bandcamp supports the nine-track Athens post-hardcore/post-rock copy and 2018 vinyl edition by four collaborating labels.
transatlantic-transiberian	Vinyl 12-inch	bandcamp	https://goodbyekings.bandcamp.com/album/transatlantic-transiberian	retained	[{"filename":"goodbye-kings-transatlantic-trans-siberian.jpg","source_url":"https://goodbyekings.bandcamp.com/album/transatlantic-transiberian","rights_status":"cc-by-nd-4.0"}]	not_applicable	Official Bandcamp supports the existing Italian post-rock copy and vinyl format.
turpentine-valley-veuel-vinyl	Vinyl 12-inch	bandcamp	https://turpentinevalley.bandcamp.com/album/veuel-2	rewritten	[{"filename":"turpentine-valley-veuel-vinyl.webp","source_url":"https://turpentinevalley.bandcamp.com/album/veuel-2","rights_status":"cc-by-nd-4.0"}]	not_applicable	Official Bandcamp supports the ten-track instrumental post-metal/sludge copy and two gatefold vinyl variants pressed at dunk!pressing.
unkraut	Vinyl 12-inch	bandcamp	https://speckspeckspeck.bandcamp.com/album/unkraut	rewritten	[{"filename":"speck-unkraut.jpg","source_url":"https://speckspeckspeck.bandcamp.com/album/unkraut","rights_status":"cc-by-nd-4.0"}]	not_applicable	Official Bandcamp supports the five-track Vienna instrumental space-kraut and heavy-psych copy and vinyl format.
unshaped-ahead-8-cantons-vinyl	Vinyl 12-inch	bandcamp	https://unshapedahead.bandcamp.com/album/8-cantons	rewritten	[{"filename":"unshaped-ahead-8-cantons-vinyl.webp","source_url":"https://unshapedahead.bandcamp.com/album/8-cantons","rights_status":"cc-by-nd-4.0"}]	not_applicable	Official Bandcamp supports the eight-part all-violin concept and first LP edition of 350.
voyage-voyage	Vinyl 12-inch	bandcamp	https://zapperlot.bandcamp.com/album/voyage-voyage	rewritten	[{"filename":"zapetli-popette-voyage-voyage.jpg","source_url":"https://zapperlot.bandcamp.com/album/voyage-voyage","rights_status":"cc-by-nd-4.0"}]	not_applicable	Official Bandcamp supports the eight-track Basel experimental math-rock copy.
we-lost-the-sea-a-single-flower-vinyl	Vinyl 12-inch	bandcamp	https://welostthesea.bandcamp.com/album/a-single-flower	rewritten	[{"filename":"we-lost-the-sea-a-single-flower-vinyl.webp","source_url":"https://welostthesea.bandcamp.com/album/a-single-flower","rights_status":"cc-by-nd-4.0"}]	not_applicable	Official Bandcamp supports the six-track Sydney post-rock/post-metal copy and gatefold double-LP format.
we-lost-the-sea-departure-songs-vinyl	Vinyl 12-inch	bandcamp	https://welostthesea.bandcamp.com/album/departure-songs	rewritten	[{"filename":"we-lost-the-sea-departure-songs-vinyl.webp","source_url":"https://welostthesea.bandcamp.com/album/departure-songs","rights_status":"cc-by-nd-4.0"}]	not_applicable	Official Bandcamp supports the five-track third album, first instrumental set, historical-journey concept, and double-LP format.
we-lost-the-sea-triumph-disaster-vinyl	Vinyl 12-inch	bandcamp	https://welostthesea.bandcamp.com/album/triumph-disaster	rewritten	[{"filename":"we-lost-the-sea-triumph-disaster-vinyl.webp","source_url":"https://welostthesea.bandcamp.com/album/triumph-disaster","rights_status":"cc-by-nd-4.0"}]	not_applicable	Official Bandcamp supports the seven-track post-apocalyptic climate-collapse concept and double-LP format.
wreckquiem	Vinyl 12-inch	bandcamp	https://threewayplane.bandcamp.com/album/wreckquiem	rewritten	[{"filename":"three-way-plane-your-kingdom-my-life.jpg","source_url":"https://threewayplane.bandcamp.com/album/wreckquiem","rights_status":"cc-by-nd-4.0"}]	not_applicable	Official Bandcamp supports the nine-track Athens alternative/noise-rock/post-hardcore copy; existing catalog artwork remains under repository licensing.
calf-vinyl-10-inch	Vinyl 10-inch	bandcamp	https://calfgreece.bandcamp.com/	retained	[{"filename":"calf-karditsa.jpg","source_url":"https://calfgreece.bandcamp.com/","rights_status":"cc-by-nd-4.0"}]	not_applicable	Official Bandcamp identifies Calf as a Karditsa noise-rock and post-hardcore band and supports the retained summary.
crawl-eat-them-dead-or-alive-split-7	Vinyl 7-inch	bandcamp	https://zebunoise.bandcamp.com/album/crawl-eat-them-dead-or-alive	rewritten	[{"filename":"zebu-dead-elephant-split-7-.jpg","source_url":"https://zebunoise.bandcamp.com/album/crawl-eat-them-dead-or-alive","rights_status":"cc-by-nd-4.0"}]	not_applicable	Official Bandcamp supports the two-track Athens Zebu/Dead Elephant split, heavy-metal/sludge/stoner tags, and 7-inch format.
magic-sleazeball-corrida	Vinyl 7-inch	bandcamp	https://skinnypeachfuzz.bandcamp.com/album/magic-sleazeball-corrida-2	rewritten	[{"filename":"skinny-peach-fuzz-7-.jpg","source_url":"https://skinnypeachfuzz.bandcamp.com/album/magic-sleazeball-corrida-2","rights_status":"cc-by-nd-4.0"}]	not_applicable	Official Bandcamp supports the five-track Turin fuzz/garage-punk EP and 50-copy screen-printed 7-inch format.
band-in-the-pit-2016-cassette	Tapes	bandcamp	https://bandinthepit.bandcamp.com/album/2016	rewritten	[{"filename":"band-in-the-pit-2016-cassette.jpg","source_url":"https://bandinthepit.bandcamp.com/album/2016","rights_status":"cc-by-nd-4.0"}]	not_applicable	Official Bandcamp supports the three-track instrumental doom and psychedelic-rock copy and the limited 50-copy cassette format.
broken-fingers-ego-cassette	Tapes	bandcamp	https://broken-fingers.bandcamp.com/album/ego	rewritten	[{"filename":"broken-fingers-ego-cassette.jpg","source_url":"https://broken-fingers.bandcamp.com/album/ego","rights_status":"cc-by-nd-4.0"}]	not_applicable	Official Bandcamp supports the eleven-track Athens post-hardcore and screamo copy and cassette format.
magmarus-cassette-sessions-cassette	Tapes	bandcamp	https://magmarus.bandcamp.com/album/cassette-sessions	rewritten	[{"filename":"magmarus-cassette-sessions-cassette.jpg","source_url":"https://magmarus.bandcamp.com/album/cassette-sessions","rights_status":"cc-by-nd-4.0"}]	not_applicable	Official Bandcamp supports the four-track live-recorded Athens session copy; the page currently offers only the digital album.
the-vagina-lips-random-tapes-cassette	Tapes	bandcamp	https://vaginalips.bandcamp.com/	rewritten	[{"filename":"cassette-tape.jpg","source_url":"https://blackbox-studio-athens.github.io/blackbox-records/assets/catalog/distro/cassette-tape.jpg","rights_status":"cc-by-nd-4.0"}]	not_applicable	Official artist Bandcamp supports the Thessaloniki post-punk, shoegaze, and dream-pop copy; Random Tapes is not in the current Bandcamp discography and retains the licensed distro cassette fallback.
